path	alt_text	bytes
assets/images/asos/asos-collective-campaign-deck-cover-page.jpg	ASOS Collective campaign deck cover page	81880
assets/images/nz-nails-beauty/editorial-beauty-photograph-featuring-nail-styling.jpg	Editorial beauty photograph featuring nail styling	301457
assets/images/portrait-studies/studio-portrait-with-red-roses.jpg	Studio portrait with red roses	97144
assets/images/pleaser/pleaser-film-treatment-cover.jpg	Pleaser film treatment cover	45524
assets/images/train-gazing/train-gazing-visual-spoken-word-treatment-cover.jpg	Train-Gazing visual spoken-word treatment cover	103132
assets/images/asos/asos-collective-problem-statement-slide.jpg	ASOS Collective problem statement slide	134075
assets/images/asos/asos-collective-solution-slide.jpg	ASOS Collective solution slide	172508
assets/images/asos/asos-collective-mentorship-phase-slide.jpg	ASOS Collective mentorship phase slide	136506
assets/images/asos/asos-collective-showcase-phase-slide.jpg	ASOS Collective showcase phase slide	111693
assets/images/asos/asos-collective-social-rollout-mockups.jpg	ASOS Collective social rollout mockups	108484
assets/images/nz-nails-beauty/beauty-portrait-with-mugshot-board.jpg	Beauty portrait with mugshot board	264830
assets/images/nz-nails-beauty/close-up-nail-editorial-photograph.jpg	Close-up nail editorial photograph	218335
assets/images/nz-nails-beauty/close-up-portrait-focusing-on-nail-styling.jpg	Close-up portrait focusing on nail styling	271094
assets/images/nz-nails-beauty/editorial-portrait-with-graphic-shadow.jpg	Editorial portrait with graphic shadow	156665
assets/images/nz-nails-beauty/beauty-portrait-from-mugshot-inspired-set.jpg	Beauty portrait from mugshot-inspired set	301576
assets/images/nz-nails-beauty/beauty-portrait-with-mugshot-board-2.jpg	Beauty portrait with mugshot board	258406
assets/images/portrait-studies/studio-portrait.jpg	Studio portrait	161380
assets/images/portrait-studies/seated-studio-portrait-with-projected-number.jpg	Seated studio portrait with projected number	144358
assets/images/portrait-studies/reclining-studio-portrait-with-roses.jpg	Reclining studio portrait with roses	97144
assets/images/portrait-studies/standing-studio-portrait-holding-roses.jpg	Standing studio portrait holding roses	99303
assets/images/pleaser/pleaser-vision-page.jpg	Pleaser vision page	171258
assets/images/pleaser/pleaser-visual-styles-page.jpg	Pleaser visual styles page	137596
assets/images/pleaser/pleaser-moodboard.jpg	Pleaser moodboard	111951
assets/images/train-gazing/train-gazing-summary-page.jpg	Train-Gazing summary page	116870
assets/images/train-gazing/train-gazing-visual-styles-page.jpg	Train-Gazing visual styles page	168359
assets/images/train-gazing/train-gazing-moodboard.jpg	Train-Gazing moodboard	164084
assets/images/about/portrait-of-jeremy-champion.jpg	Portrait of Jeremy Champion	320757